{"cameraMode":{"drawMode":0,"name":"Shaded","section":"Shading Mode"},"sceneLighting":true,"audioPlay":false,"sceneViewState":{"showFog":true,"showMaterialUpdate":false,"showSkybox":true,"showFlares":true,"showImageEffects":true,"showParticleSystems":true,"showVisualEffectGraphs":true,"m_FxEnabled":true},"in2DMode":false,"pivot":{"x":4.837488174438477,"y":-0.0361638069152832,"z":-39.102386474609378},"rotation":{"x":0.0021347615402191879,"y":0.9962526559829712,"z":-0.08268837630748749,"w":0.025710074231028558},"size":23.965595245361329,"orthographic":false}