{"cameraMode":{"drawMode":0,"name":"Shaded","section":"Shading Mode"},"sceneLighting":true,"audioPlay":false,"sceneViewState":{"showFog":true,"showMaterialUpdate":false,"showSkybox":true,"showFlares":true,"showImageEffects":true,"showParticleSystems":true,"showVisualEffectGraphs":true,"m_FxEnabled":true},"in2DMode":false,"pivot":{"x":142.52015686035157,"y":120.12245178222656,"z":-86.53944396972656},"rotation":{"x":0.11388787627220154,"y":-0.7061673998832703,"z":0.11672301590442658,"w":0.6890173554420471},"size":16.615142822265626,"orthographic":false}