{"cameraMode":{"drawMode":0,"name":"Shaded","section":"Shading Mode"},"sceneLighting":true,"audioPlay":false,"sceneViewState":{"showFog":true,"showMaterialUpdate":false,"showSkybox":true,"showFlares":true,"showImageEffects":true,"showParticleSystems":true,"showVisualEffectGraphs":true,"m_FxEnabled":true},"in2DMode":false,"pivot":{"x":-13.233724594116211,"y":0.1109192967414856,"z":-10.591897964477539},"rotation":{"x":-0.021008631214499475,"y":0.8779314756393433,"z":-0.03843257203698158,"w":-0.4769889712333679},"size":10.30123519897461,"orthographic":false}